1,https://images-na.ssl-images-amazon.com/images/I/61rvNPPum1L._AC_SY400_.jpg,Pandemic Legacy: Season 1,2,4,4,13,60,Board,Z-Man Games,2015,0,0,Intermediate,New,Y,Y,Strategy,2020-03-01
2,https://cdn.shopify.com/s/files/1/0800/4331/products/Twilight_Struggle_grande.jpg?v=1552754194,Twilight Struggle,2,2,2,13,180,Board,GMT Games,2005,0,0,Intermediate,New,Y,Y,Wargame,2020-03-07
3,https://scale.coolshop-cdn.com/product-media.coolshop-cdn.com/AE7R6F/bd553b5d883b4cc899821bbc110b5e16.jpg/f/terra-mystica-braetspil-engelsk.jpg,Terra Mystica,2,5,4,12,150,Board,Feuerland Spiele,2012,0,0,Expert,New,Y,Y,Strategy,2020-03-01
4,https://cdn.shopify.com/s/files/1/1381/2481/products/canva-photo-editor_3.png?v=1571306900,Caverna: The Cave Farmers,1,7,4,12,210,Board,Lookout Games,2013,0,0,Beginner,New,Y,Y,Animals,2020-03-01
5,https://encrypted-tbn0.gstatic.com/images?q=tbn%3AANd9GcQamBud2cZxqc31GM9QZVn2zuihYlKS459ZeQt94qE4A0Jr6GzD,Through the Ages: A Story of Civilization,2,4,3,12,240,Dice,Czech Board Games,2006,0,0,Expert,New,Y,Y,Civilization,2020-03-01
6,https://img.grouponcdn.com/stores/3iUAhmjfuXN4x3WzM3u8eXcz4j4x/storespi1566741-1000x600/v1/c700x420.jpg,Puerto Rico,2,5,4,12,150,Board,Ravensburger,2002,0,0,Intermediate,New,Y,Y,City Building,2020-03-02
7,https://images-na.ssl-images-amazon.com/images/I/91QYEiZW0iL._AC_SY679_.jpg,Agricola,1,5,4,12,150,Memory,Lookout Games,2007,0,0,Beginner,New,Y,Y,Strategy,2020-03-02
8,https://cdn11.bigcommerce.com/s-ohr394tcms/images/stencil/1280x1280/products/69407/159123/81ALqSnd1QL._AC_SL1500___98134.1578571521.jpg?c=1&imbypass=on,The Castles of Burgundy,2,4,2,12,90,Board,alea,2011,0,0,Intermediate,New,Y,Y,Economic,2020-03-02
9,https://encrypted-tbn0.gstatic.com/images?q=tbn%3AANd9GcQU0GbS3gf1mqJ7pdL59SxXs5E5Kq5lQ9fEyJgdyi8pKnvebSEW,Mage Knight Board Game,1,4,2,14,150,Dice,WizKids Games,2011,0,0,Expert,New,Y,Y,Role Playing,2020-03-02
10,https://images-na.ssl-images-amazon.com/images/I/6118P6WA-zL._AC_.jpg,Star Wars: Imperial Assault,2,5,5,14,120,Board,Asterion Press,2014,0,0,Beginner,New,Y,Y,Fantasy,2020-03-07
11,https://images-na.ssl-images-amazon.com/images/I/519CVRT008L._AC_SX466_.jpg,Android: Netrunner,2,2,2,14,45,Dice,Z-Man Games,2012,0,0,Intermediate,New,Y,Y,Space,2020-03-02
12,https://i.ebayimg.com/images/g/bAwAAOSwudBdM12g/s-l600.jpg,Eclipse,2,6,4,14,200,Cards,GMT Games,2011,0,0,Expert,New,Y,Y,Space,2020-03-07
13,https://images-na.ssl-images-amazon.com/images/I/918rhIM6GRL._AC_SX425_.jpg,Power Grid,2,6,4,12,120,Board,Feuerland Spiele,2004,0,0,Beginner,New,Y,Y,Strategy,2020-03-07
14,https://images-na.ssl-images-amazon.com/images/I/61cQ2uW5yEL._SL1000_.jpg,War of the Ring second edition,2,4,2,13,150,Dice,Lookout Games,2012,0,0,Intermediate,New,Y,Y,Wargame,2020-03-02
15,https://images-na.ssl-images-amazon.com/images/I/81lmPZm3XEL._SL1500_.jpg,7 Wonders,2,2,2,10,30,Board,Czech Board Games,2015,0,0,Expert,New,Y,Y,Civilization,2020-03-07
16,https://images-na.ssl-images-amazon.com/images/I/71l3a3QT0yL._SL1500_.jpg,Robinson Crusoe: Adventures on the Cursed Island,1,4,3,14,180,Board,Ravensburger,2012,0,0,Beginner,New,Y,Y,Family,2020-03-06
17,https://images-na.ssl-images-amazon.com/images/I/51QkyYS%2B98L._SL500_AC_SS350_.jpg,Brass,3,4,4,13,180,Dice,Lookout Games,2007,0,0,Intermediate,New,Y,Y,Economic,2020-03-06
18,https://www.board-game.co.uk/wp-content/uploads/2017/02/Le-Havre-2.jpg,Le Havre,1,5,3,12,200,Board,alea,2008,0,0,Expert,New,Y,Y,Economic,2020-03-07
19,https://images-na.ssl-images-amazon.com/images/I/71ZHkM7fHwL._AC_SL1000_.jpg,Codenames,2,8,6,14,15,Cards,WizKids Games,2015,0,0,Beginner,New,Y,Y,Spy,2020-03-07
20,https://images-na.ssl-images-amazon.com/images/I/71x3%2Bjw3khL._AC_SY450_.jpg,Tzolk\in: The Mayan Calendar,2,4,4,13,90,Board,Asterion Press,2012,0,0,Intermediate,New,Y,Y,Economic,2020-03-07
21,https://images-na.ssl-images-amazon.com/images/I/61MfnA37PKL._AC_SL1001_.jpg,Dead of Winter: A Crossroads Game,2,5,4,14,210,Cards,Z-Man Games,2014,0,0,Intermediate,New,Y,Y,Survival,2020-03-07
22,https://encrypted-tbn0.gstatic.com/images?q=tbn:ANd9GcQfM-j7-4XxS_da8qXkWcKdkwJqJ-eszTNEYg3ChiQ5Lh7AUKmVeg&s,Through the Ages: A New Story of Civilization,2,4,3,14,240,Dice,GMT Games,2015,0,0,Beginner,New,Y,Y,Civilization,2020-03-07
23,https://images-na.ssl-images-amazon.com/images/I/81pxNt1mY-L._SL1500_.jpg,Blood Rage,2,4,4,13,90,Dice,Feuerland Spiele,2015,0,0,Intermediate,New,Y,Y,Wargame,2020-03-07
24,https://images-na.ssl-images-amazon.com/images/I/61Ew47ufr-L._SL1000_.jpg,Caylus,2,5,3,12,150,Board,Czech Board Games,2005,0,0,Beginner,New,Y,Y,Civilization,2020-03-07
25,https://cdn.shopify.com/s/files/1/0270/5480/1005/products/510yJMhB2mL_1024x1024.jpg?v=1572683962,Keyflower,2,6,4,12,120,Board,Ravensburger,2012,0,0,Intermediate,New,Y,Y,Economic,2020-03-07
26,https://encrypted-tbn0.gstatic.com/images?q=tbn:ANd9GcRxg0kO9xSsGFPY5Rh3aKqRkhPWBwS-_1_jPKcwXma7gg2vAJct5Q&s,Dominion: Intrigue,2,4,3,13,30,Board,Lookout Games,2009,0,0,Intermediate,New,Y,Y,Detective,2020-03-07
27,https://images-na.ssl-images-amazon.com/images/I/71jvwVl7cCL._SL1000_.jpg,Dominant Species,2,6,4,14,240,Board,alea,2010,0,0,Beginner,New,Y,Y,Fantasy,2020-03-07
28,https://images-na.ssl-images-amazon.com/images/I/61ZpTXnZKmL.jpg,Eldritch Horror,1,8,4,14,240,Dice,WizKids Games,2013,0,0,Intermediate,New,Y,Y,Horror,2020-03-07
29,https://images-na.ssl-images-amazon.com/images/I/81JCwR9wkmL._SL1500_.jpg,Star Wars: X-Wing Miniatures Game,2,4,2,14,45,Cards,Asterion Press,2012,0,0,Expert,New,Y,Y,Fantasy,2020-03-07
30,https://images-na.ssl-images-amazon.com/images/I/815TUZmxgyL._SL1500_.jpg,Race for the Galaxy: The Gathering Storm,2,4,2,12,60,Board,Z-Man Games,2007,0,0,Beginner,New,Y,Y,Space,2020-03-09
31,https://images-na.ssl-images-amazon.com/images/I/91d2joz5fqL._SL1500_.jpg,El Grande,2,5,5,12,120,Dice,GMT Games,1995,0,0,Intermediate,New,Y,Y,Civilization,2020-03-09
32,https://images-na.ssl-images-amazon.com/images/I/51j8wb1wWVL.jpg,Twilight Imperium Third Edition,3,6,6,12,240,Board,Feuerland Spiele,2005,0,0,Expert,New,Y,Y,Horror,2020-03-09
33,https://cdn.shopify.com/s/files/1/0921/7330/products/1_b15480a9-cde0-4e6f-af64-60bc322e8a46_1024x1024.JPG?v=1528540751,Lords of Waterdeep,2,5,4,12,120,Board,Lookout Games,2012,0,0,Beginner,New,Y,Y,Economic,2020-03-09
34,https://images-na.ssl-images-amazon.com/images/I/81LLUVpgb0L._SL1500_.jpg,Roll for the Galaxy,2,5,4,13,45,Dice,Czech Board Games,2014,0,0,Intermediate,New,Y,Y,Space,2020-03-09
35,https://images-na.ssl-images-amazon.com/images/I/71eh6fPWZlL._SL1115_.jpg,Battlestar Galactica,3,6,5,10,240,Cards,Ravensburger,2008,0,0,Expert,New,Y,Y,Space,2020-03-09
36,https://images-na.ssl-images-amazon.com/images/I/81vyiJm8SmL._SL1500_.jpg,Five Tribes,1,4,2,13,80,Board,Lookout Games,2014,0,0,Beginner,New,Y,Y,Civilization,2020-03-09
37,https://images-na.ssl-images-amazon.com/images/I/81dMVC551jL._SL1500_.jpg,Dominion,2,4,3,13,30,Dice,alea,2008,0,0,Intermediate,New,Y,Y,Adventure,2020-03-09
38,https://images-na.ssl-images-amazon.com/images/I/81BobvyYtPL._SL1061_.jpg,Tigris & Euphrates,2,4,4,12,90,Cards,WizKids Games,1997,0,0,Expert,New,Y,Y,City Building,2020-03-09
39,https://images-na.ssl-images-amazon.com/images/I/71pdB5D3XKL._SL1159_.jpg,The Resistance: Avalon,5,10,8,13,30,Board,Asterion Press,2012,0,0,Beginner,New,Y,Y,Wargame,2020-03-09
40,https://images.zmangames.com/filer_public/1a/3d/1a3d7542-cb1a-4bc6-b21c-ec94f1ebee3e/zm7590_box_front.png,The Voyages of Marco Polo,2,4,4,12,100,Dice,Z-Man Games,2015,0,0,Intermediate,New,Y,Y,City Building,2020-03-09
41,https://images-na.ssl-images-amazon.com/images/I/61cQ2uW5yEL._SL1000_.jpg,War of the Ring first edition,2,4,2,12,180,Cards,GMT Games,2004,0,0,Expert,New,Y,Y,Wargame,2020-03-09
42,https://images-na.ssl-images-amazon.com/images/I/91Cgq7cGmdL._SL1500_.jpg,Patchwork,2,2,2,8,30,Memory,Feuerland Spiele,2014,0,0,Beginner,New,Y,Y,Strategy,2020-03-09
43,https://images-na.ssl-images-amazon.com/images/I/81oPItAnpGL._SL1279_.jpg,Castles of Mad King Ludwig,1,4,4,13,90,Board,Lookout Games,2014,0,0,Intermediate,New,Y,Y,Adventure,2020-03-09
44,https://images-na.ssl-images-amazon.com/images/I/71AdsoGQ9aL._SL1342_.jpg,Concordia,2,5,4,13,100,Board,Czech Board Games,2013,0,0,Expert,New,Y,Y,Political,2020-03-09
45,https://images-na.ssl-images-amazon.com/images/I/81M84IL07VL._SL1500_.jpg,Trajan,2,4,4,12,90,Board,Ravensburger,2011,0,0,Beginner,New,Y,Y,Civilization,2020-03-09
46,https://images-na.ssl-images-amazon.com/images/I/41JvwtabEPL.jpg,T.I.M.E Stories,2,4,4,12,90,Memory,Lookout Games,2015,0,0,Intermediate,New,Y,Y,Space,2020-03-09
47,https://images-na.ssl-images-amazon.com/images/I/91X%2BRwvyfNL._SL1500_.jpg,Russian Railroads,2,4,4,12,120,Board,alea,2013,0,0,Expert,New,Y,Y,Economic,2020-03-09
48,https://images-na.ssl-images-amazon.com/images/I/814F5EyoMoL._SL1500_.jpg,Pandemic,2,4,4,8,90,Board,WizKids Games,2008,0,0,Beginner,New,Y,Y,Strategy,2020-03-09
49,https://images-na.ssl-images-amazon.com/images/I/71IbTD5%2BkGL._SL1000_.jpg,Plague Inc.,2,4,2,8,60,Board,Ndemic Creations,2017,0,0,Intermediate,New,Y,Y,Strategy,2020-03-09
50,https://images-na.ssl-images-amazon.com/images/I/61Dh-B5RjhL.jpg,A Game of Thrones: The Board Game Second Edition,3,6,6,14,240,Board,Z-Man Games,2011,0,0,Expert,New,Y,Y,TV/Film,2020-03-10
51,https://images-na.ssl-images-amazon.com/images/I/6170ECLB%2BiL.jpg,Descent: Journeys in the Dark Second Edition,2,5,5,14,120,Board,GMT Games,2012,0,0,Beginner,New,Y,Y,Adventure,2020-03-10
52,https://images-na.ssl-images-amazon.com/images/I/91OPWEX9PCL._SY879_.jpg,Troyes,2,4,3,12,90,Dice,Feuerland Spiele,2010,0,0,Intermediate,New,Y,Y,Civilization,2020-03-10
53,https://images-na.ssl-images-amazon.com/images/I/81tVtpW1kjL._SL1500_.jpg,Nations,1,5,3,14,200,Board,Lookout Games,2013,0,0,Expert,New,Y,Y,Civilization,2020-03-10
54,https://images-na.ssl-images-amazon.com/images/I/81mIkXtk3LL._SL1500_.jpg,Risk: Game of Thrones,2,7,4,13,180,Board,USAopoly,2017,0,0,Intermediate,New,Y,Y,Strategy,2020-03-10
55,https://images-na.ssl-images-amazon.com/images/I/618CpWH3QoL.jpg,Mage Wars Arena,2,2,2,13,90,Cards,Ravensburger,2012,0,0,Intermediate,New,Y,Y,Battle,2020-03-10
56,https://images-na.ssl-images-amazon.com/images/I/91utEiBrPwL._SL1500_.jpg,Orl?ans,2,4,4,12,90,Cards,Lookout Games,2014,0,0,Expert,New,Y,Y,Civilization,2020-03-10
57,https://images-na.ssl-images-amazon.com/images/I/712qhFTnFRL._SL1241_.jpg,Stone Age,2,4,4,10,90,Cards,alea,2008,0,0,Beginner,New,Y,Y,Family,2020-03-10
58,https://images-na.ssl-images-amazon.com/images/I/71xpoAtLMzL._SL1500_.jpg,Quick And Dirty,2,20,8,17,20,Cards,Quick and Dirty,2017,0,0,Beginner,New,Y,Y,Adult,2020-03-10
59,https://images-na.ssl-images-amazon.com/images/I/71C%2BUbh1X7L._SL1289_.jpg,Suburbia,1,4,3,8,90,Board,Asterion Press,2012,0,0,Expert,New,Y,Y,Economic,2020-03-10
60,https://images-na.ssl-images-amazon.com/images/I/51qMXocAQzL.jpg,Sherlock Holmes Consulting Detective,1,8,2,10,120,Board,Z-Man Games,1981,0,0,Beginner,New,Y,Y,Detective,2020-03-10
61,https://images-na.ssl-images-amazon.com/images/I/718AYbKcKhL._SL1000_.jpg,Legendary Encounters: An Alien Deck Building Game,1,5,3,17,45,Board,Feuerland Spiele,2014,0,0,Expert,New,Y,Y,Fantasy,2020-03-10
62,https://images-na.ssl-images-amazon.com/images/I/81daYOwPDIL._SL1500_.jpg,Alchemists,2,4,4,14,120,Dice,Lookout Games,2014,0,0,Beginner,New,Y,Y,Fantasy,2020-03-10
63,https://images-na.ssl-images-amazon.com/images/I/813ZO-iNIyL._SL1500_.jpg,Star Realms,2,2,2,12,20,Memory,Czech Board Games,2014,0,0,Intermediate,New,Y,Y,Space,2020-03-10
64,https://images-na.ssl-images-amazon.com/images/I/71uY1JtSJsL._SL1500_.jpg,Kemet,2,5,4,13,120,Dice,Lookout Games,2012,0,0,Beginner,New,Y,Y,Family,2020-03-10
65,https://images-na.ssl-images-amazon.com/images/I/91fkNzakHfL._SL1500_.jpg,Railways of the World,2,6,5,10,120,Cards,alea,2005,0,0,Intermediate,New,Y,Y,Economic,2020-03-10
66,https://images-na.ssl-images-amazon.com/images/I/51ly62yg69L.jpg,Steam Park,3,5,4,10,90,Board,Asterion Press,2009,0,0,Beginner,New,Y,Y,Economic,2020-03-10
67,https://images-na.ssl-images-amazon.com/images/I/71DEZ6qjFkL._SL1100_.jpg,Chaos in the Old World,3,4,4,13,120,Memory,Z-Man Games,2009,0,0,Intermediate,New,Y,Y,World War I,2020-03-10
68,https://images-na.ssl-images-amazon.com/images/I/71YsXdBVaVL._SL1054_.jpg,Ticket to Ride: Europe,2,5,4,8,60,Dice,Feuerland Spiele,2005,0,0,Beginner,New,Y,Y,Economic,2020-03-10
69,https://images-na.ssl-images-amazon.com/images/I/613n3Gky43L._SL1024_.jpg,Splendor,2,4,3,10,30,Dice,Ravensburger,2014,0,0,Beginner,New,Y,Y,Action,2020-03-10
70,https://images-na.ssl-images-amazon.com/images/I/91oWzz%2BNCKL._SL1500_.jpg,Cosmic Encounter,3,5,5,12,120,Cards,Lookout Games,2008,0,0,Intermediate,New,Y,Y,Space,2020-03-10
71,https://images-na.ssl-images-amazon.com/images/I/91ZtO2M6LUL._SL1500_.jpg,Viticulture,2,6,3,13,90,Board,alea,2013,0,0,Expert,New,Y,Y,Adventure,2020-03-10
72,https://images-na.ssl-images-amazon.com/images/I/71HVFNiW76L._SL1200_.jpg,Summoner Wars: Master Set,2,4,2,9,30,Dice,WizKids Games,2011,0,0,Beginner,New,Y,Y,Wargame,2020-03-10
73,https://images-na.ssl-images-amazon.com/images/I/61XzrfTuNHL.jpg,Imperial Settlers,1,4,2,10,90,Board,Z-Man Games,2014,0,0,Expert,New,Y,Y,Civilization,2020-03-10
74,https://images-na.ssl-images-amazon.com/images/I/71vcfZIlXQL._SL1265_.jpg,Tichu,3,10,4,10,60,Dice,GMT Games,1991,0,0,Beginner,Used - like new,Y,Y,Bluffing,2020-03-10
75,https://images-na.ssl-images-amazon.com/images/I/A11E7WvlwBL._SL1500_.jpg,The Lord of the Rings: The Card Game,1,4,2,13,60,Cards,Feuerland Spiele,2011,0,0,Intermediate,Used - very good,Y,Y,TV/Film,2020-03-10
76,https://images-na.ssl-images-amazon.com/images/I/81%2BLs%2BCfC-L._SL1500_.jpg,Village,2,4,4,12,90,Cards,Ravensburger,2011,0,0,Intermediate,Used - good,Y,Y,City Building,2020-03-10
77,https://images-na.ssl-images-amazon.com/images/I/61Ro1-IPnRL._SL1000_.jpg,Ticket to Ride: Nordic Countries,2,3,3,8,60,Dice,alea,2007,0,0,Beginner,Used - good,Y,Y,Family,2020-03-10
78,https://images-na.ssl-images-amazon.com/images/I/A1SD-UDU7NL._SL1500_.jpg,Runewars,2,4,4,14,180,Cards,WizKids Games,2010,0,0,Intermediate,Used - good,Y,Y,History,2020-03-10
79,https://images-na.ssl-images-amazon.com/images/I/81kMQEV3%2BJL._SL1500_.jpg,Shogun,3,5,4,12,150,Board,Asterion Press,2006,0,0,Expert,Used - Acceptable,Y,Y,Wargame,2020-03-10
80,https://images-na.ssl-images-amazon.com/images/I/81dymvItddL._SL1500_.jpg,Arcadia Quest,2,4,4,13,60,Dice,Z-Man Games,2014,0,0,Beginner,Used - Acceptable,Y,Y,Adventure,2020-03-11
81,https://images-na.ssl-images-amazon.com/images/I/71F6XyOZfiL._SL1000_.jpg,Space Alert,1,5,4,12,30,Memory,GMT Games,2008,0,0,Intermediate,Used - Acceptable,Y,Y,Space,2020-03-11
82,https://images-na.ssl-images-amazon.com/images/I/81C4v0qlsTL._SL1500_.jpg,La Granja,1,4,3,12,120,Dice,Lookout Games,2014,0,0,Beginner,Used - Acceptable,Y,Y,Educational,2020-03-11
83,https://images-na.ssl-images-amazon.com/images/I/61yX5d7PYAL.jpg,Imperial,2,6,4,13,180,Cards,Czech Board Games,2006,0,0,Intermediate,Used - Acceptable,Y,Y,Fantasy,2020-03-11
84,https://images-na.ssl-images-amazon.com/images/I/81bLWZK-RNL._SL1500_.jpg,Ticket to Ride,2,5,4,8,60,Memory,Ravensburger,2004,0,0,Expert,New,Y,Y,Farming,2020-03-11
85,https://images-na.ssl-images-amazon.com/images/I/61ZL-IOIeHL._SL1024_.jpg,Jaipur,2,2,2,12,30,Memory,Lookout Games,2009,0,0,Beginner,New,Y,Y,Fighting,2020-03-11
86,https://images-na.ssl-images-amazon.com/images/I/91kVsbpPdkL._SL1500_.jpg,Dungeon Petz,2,4,4,13,90,Memory,alea,2011,0,0,Intermediate,New,Y,Y,Grid Movement,2020-03-11
87,https://images-na.ssl-images-amazon.com/images/I/91r4cW9taLL._SL1500_.jpg,Istanbul,2,5,4,10,60,Dice,WizKids Games,2014,0,0,Expert,New,Y,Y,Humour,2020-03-11
89,https://vignette.wikia.nocookie.net/rulebook/images/4/49/Monopoly.jpg/revision/latest/scale-to-width-down/340?cb=20121230024934,Monopoly,2,6,4,8,60,Board,Hasbro,2004,0,0,Intermediate,New,Y,Y,Property,2020-03-11
90,https://images-na.ssl-images-amazon.com/images/I/71QAHYplT6L._SX425_.jpg,Monopoly: Millennial Edition,2,6,4,8,60,Board,Hasbro,2019,0,0,Intermediate,New,Y,Y,Property,2020-03-11
91,https://encrypted-tbn3.gstatic.com/shopping?q=tbn:ANd9GcT-awVZqK2oG1Z9RqudRMSNSw07S6UlN7_xJXrlBFLsZSHubB6QQMQ&usqp=Cac,Scrabble,2,4,2,12,60,Board,Mattel,2002,0,0,Intermediate,New,Y,Y,Word,2020-03-11
92,https://images-na.ssl-images-amazon.com/images/I/91wWOu4f4JL._SL1500_.jpg,Risk,2,4,4,4,90,Board,Hasbro,2012,0,0,Intermediate,New,Y,Y,Strategy,2020-03-11
93,https://images-na.ssl-images-amazon.com/images/I/71LeXIucWnL._SL1024_.jpg,Boggle,1,8,4,8,20,Other,Hasbro,2013,0,0,Beginner,New,Y,Y,Word,2020-03-11
94,https://target.scene7.com/is/image/Target/GUEST_8503e7b9-c167-46f5-a556-488ef71a90fa?wid=488&hei=488&fmt=pjpeg,Uno,2,10,4,7,20,Cards,Mattel,2010,0,0,Beginner,New,Y,Y,Party Game,2020-03-11
95,https://images-na.ssl-images-amazon.com/images/I/71yp2-Y12LL._SL1500_.jpg,Scrabble Junior,2,4,4,6,60,Board,Mattel,2013,0,0,Beginner,New,Y,Y,Word,2020-03-11
96,https://johnlewis.scene7.com/is/image/JohnLewis/238038429?$rsp-pdp-port-1080$,Cards Against Humanity,4,20,8,17,30,Cards,Cards Against Humanity,2016,0,0,Beginner,New,Y,Y,Party Game,2020-03-11
97,https://images-na.ssl-images-amazon.com/images/I/91dtt4NiicL._SL1500_.jpg,The Game of Life,2,4,4,8,60,Board,Hasbro,2009,0,0,Beginner,New,Y,Y,Family,2020-03-11
98,https://images-na.ssl-images-amazon.com/images/I/810bBCmZ9LL._SL1425_.jpg,Trivial Pursuit,2,4,4,16,60,Board,Hasbro,2012,0,0,Intermediate,New,Y,Y,Quiz,2020-03-11
99,https://images-na.ssl-images-amazon.com/images/I/91FUEVnjT4L._SL1500_.jpg,Cluedo,2,4,4,12,90,Board,Hasbro,2009,0,0,Intermediate,New,Y,Y,Detective,2020-03-11
100,https://i.ebayimg.com/images/g/d10AAOSwF1hcpIh7/s-l300.jpg,Rummikub,2,4,4,8,60,Board,Ephraim Hertzano,2010,0,0,Intermediate,New,Y,Y,Number,2020-03-11
101,https://images-na.ssl-images-amazon.com/images/I/51dpHnvLPmL.jpg,Battleship,2,2,2,7,30,Board,Hasbro,2013,0,0,Beginner,New,Y,Y,Wargame,2020-03-11
102,https://images-na.ssl-images-amazon.com/images/I/81ElYmjpV5L._SL1500_.jpg,Jenga,2,8,4,6,20,Other,Hasbro,2018,0,0,Beginner,New,Y,Y,Strategy,2020-03-11
103,https://images-na.ssl-images-amazon.com/images/I/91cpdEOYabL._SL1500_.jpg,Twister,2,4,4,12,30,Other,Hasbro,2009,0,0,Beginner,New,Y,Y,Party Game,2020-03-11
104,https://images-na.ssl-images-amazon.com/images/I/811TiElBuML._SL1500_.jpg,Connect 4,2,4,4,8,30,Other,Hasbro,2002,0,0,Beginner,New,Y,Y,Family,2020-03-11
105,https://images-na.ssl-images-amazon.com/images/I/91%2B1WPgQyhL._SL1500_.jpg,Operation,1,4,4,4,30,Board,Hasbro,2006,0,0,Intermediate,New,Y,Y,Family,2020-03-11
106,https://digitalcontent.api.tesco.com/v2/media/ghs/2cab8531-d108-4928-8345-4b07ccebca20/snapshotimagehandler_812613376.jpeg?h=540&w=540,Frustration,2,4,4,8,60,Board,Hasbro,2008,0,0,Beginner,New,Y,Y,Family,2020-03-11
107,https://images-na.ssl-images-amazon.com/images/I/A1mbXP1a0VL._SL1500_.jpg,Hungry Hungry Hippos,2,4,4,4,15,Board,Hasbro,2017,0,0,Beginner,New,Y,Y,Family,2020-03-11
108,https://images-na.ssl-images-amazon.com/images/I/51QJcm3mJDL.jpg,Mouse Trap,2,4,4,6,60,Board,Hasbro,2001,0,0,Beginner,New,Y,Y,Family,2020-03-11
109,https://images-na.ssl-images-amazon.com/images/I/91Bh9jUyRYL._SL1500_.jpg,Cranium,4,4,4,16,60,Board,Hasbro,2017,0,0,Intermediate,New,Y,Y,Family,2020-03-11
110,https://images-na.ssl-images-amazon.com/images/I/81NZ6o5W6hL._SL1500_.jpg,Articulate,4,20,6,12,60,Board,Drumond Park,2002,0,0,Intermediate,New,Y,Y,Family,2020-03-11
111,https://images-na.ssl-images-amazon.com/images/I/91Wa4-xnpwL._SL1500_.jpg,The Really Nasty Horse Racing Game,2,6,4,13,60,Board,Rascals,2013,0,0,Intermediate,New,Y,Y,Betting,2020-03-11
112,https://images-na.ssl-images-amazon.com/images/I/619-DP2ub1L._AC_UL320_SR270,Concept,4,12,6,12,60,Board,Repos,2014,0,0,Intermediate,New,Y,Y,Family,2020-03-11
113,https://images-na.ssl-images-amazon.com/images/I/517xpShIkOL.jpg,Super Mario Chess,2,2,2,8,60,Board,USAopoly,2009,0,0,Intermediate,New,Y,Y,Logic,2020-03-11
114,https://images-na.ssl-images-amazon.com/images/I/81K-77bFI0L._SL1500_.jpg,Pictionary,2,4,4,12,60,Board,Mattel,2015,0,0,Intermediate,New,Y,Y,Family,2020-03-11
115,https://images-na.ssl-images-amazon.com/images/I/816dVZLI%2BsL._SL1500_.jpg,Axis & Allies,2,5,5,12,60,Board,Avalon Hill,2017,0,0,Expert,New,Y,Y,Wargame,2020-03-11
116,https://static.theworks.co.uk/images/5052089018501_Z.jpg,Snakes and Ladders,2,4,4,6,30,Board,Luptons,2008,0,0,Beginner,New,Y,Y,Family,2020-03-11
117,https://johnlewis.scene7.com/is/image/JohnLewis/238051320?$rsp-pdp-port-640$,What Do You Meme?,4,20,6,17,30,Cards,What Do You Meme,2016,0,0,Beginner,New,Y,Y,Humour,2020-03-11
118,https://johnlewis.scene7.com/is/image/JohnLewis/238155599?$rsp-pdp-port-640$, Stoned or Stupid,4,20,6,17,30,Cards,DSS Games,2015,0,0,Beginner,New,Y,Y,Humour,2020-03-11
119,https://johnlewis.scene7.com/is/image/JohnLewis/233496415?$rsp-pdp-port-1080$,Mr & Mrs: Family edition,2,8,4,10,60,Board,Rascals,2012,0,0,Beginner,New,Y,Y,Family,2020-03-11
120,https://www.mattelgames.com/sites/mattel_games/files/2017-09/UNO-ColorADD_Side_web.jpg,Uno: Colorblind Accessible Edition,2,10,4,7,15,Cards,Mattel,2018,0,0,Beginner,New,Y,Y,Family,2020-03-11
121,https://images-na.ssl-images-amazon.com/images/I/71UUDAPpKWL._SL1500_.jpg,Exploding Kittens,5,20,6,14,30,Cards,The Oatmeal,2015,0,0,Beginner,New,Y,Y,Humour,2020-03-11
122,https://images-na.ssl-images-amazon.com/images/I/61ZLYBlRXmL._SL1000_.jpg,Obama Llama 2: Family Board Game,4,20,6,14,15,Cards,Big Potato,2019,0,0,Beginner,New,Y,Y,Humour,2020-03-11
123,https://images-na.ssl-images-amazon.com/images/I/61EGFvJ%2BLjL._SL1000_.jpg,Weird Things Humans Search For,3,20,6,14,20,Cards,Big Potato,2018,0,0,Beginner,New,Y,Y,Humour,2020-03-11
124,https://images-na.ssl-images-amazon.com/images/I/715s5mCq7TL._SL1024_.jpg,Obama llama,3,20,6,14,20,Cards,Big Potato,2016,0,0,Beginner,New,Y,Y,Humour,2020-03-11
125,https://images-na.ssl-images-amazon.com/images/I/81pHMp%2ByebL._SL1500_.jpg,Stupid Deaths,2,6,4,12,60,Board,University Games,2018,0,0,Beginner,New,Y,Y,Humour,2020-03-11
126,https://images-na.ssl-images-amazon.com/images/I/71RFQ7fsy0L._SL1500_.jpg,What Do You Meme? Basic Expansion Pack,4,20,6,17,30,Cards,What Do You Meme,2017,0,0,Beginner,New,Y,Y,Humour,2020-03-11
127,https://images-na.ssl-images-amazon.com/images/I/71Vh35WiK3L._SL1500_.jpg,Rummikub Large Number Edition,2,4,4,8,60,Board,Ephraim Hertzano,2010,0,0,Intermediate,New,Y,Y,Number,2020-03-11
128,https://images-na.ssl-images-amazon.com/images/I/51nDvRulkvL.jpg,Trivial Pursuit: Family Edition,2,6,4,4,60,Board,Hasbro,2014,0,0,Beginner,New,Y,Y,Family,2020-03-11
129,https://images-na.ssl-images-amazon.com/images/I/81kTx%2BhNbYL._SL1500_.jpg,Jumanji,2,4,4,3,60,Board,Jumanji,2006,0,0,Beginner,New,Y,Y,Family,2020-03-11
130,https://johnlewis.scene7.com/is/image/JohnLewis/237635203?$rsp-pdp-port-640$,Monopoly: Cheaters Edition,2,6,4,8,60,Board,Hasbro,2018,0,0,Intermediate,New,Y,Y,Property,2020-03-11
